username,question_id,answer_value,timestamp
test_user,test_q1,"A",2025-09-30T01:12:41.000Z
test_user,test_q2,"C",2025-09-30T00:23:46.000Z
teacher_man,U1-L3-Q01,"A",2025-09-30T00:24:17.000Z
Apricot_Fox,U1-L3-Q01,"E",2025-09-12T09:40:56.000Z
Apricot_Fox,U1-L3-Q02,"B",2025-09-12T09:40:59.000Z
Apricot_Fox,U1-L3-Q03,"E",2025-09-12T09:41:05.000Z
Apricot_Fox,U1-L4-Q01,"C",2025-09-15T09:30:08.000Z
Apricot_Fox,U1-L4-Q02,"D",2025-09-15T09:30:11.000Z
Apricot_Fox,U1-L4-Q03,"A",2025-09-15T09:30:13.000Z
Apricot_Fox,U1-L4-Q04,"B",2025-09-15T09:30:15.000Z
Apricot_Fox,U1-L4-Q05,"A",2025-09-15T09:30:17.000Z
Apricot_Fox,U1-L4-Q06,"D",2025-09-15T09:30:20.000Z
Apricot_Dog,U1-L3-Q01,"E",2025-09-12T09:33:32.000Z
Apricot_Dog,U1-L3-Q02,"B",2025-09-12T09:35:50.000Z
Apricot_Dog,U1-L3-Q03,"E",2025-09-12T09:37:39.000Z
Apricot_Dog,U1-L4-Q01,"C",2025-09-15T09:13:52.000Z
Apricot_Dog,U1-L4-Q03,"A",2025-09-15T09:22:26.000Z
Apricot_Dog,U1-L4-Q04,"B",2025-09-15T09:24:38.000Z
Apricot_Dog,U1-L4-Q05,"E",2025-09-15T09:35:09.000Z
Apricot_Dog,U1-L4-Q02,"D",2025-09-15T09:35:23.000Z
Apricot_Dog,U1-L4-Q06,"D",2025-09-15T09:37:16.000Z
Apricot_Dog,U1-L2-Q01,"B",2025-09-15T15:52:58.000Z
Apricot_Dog,U1-L2-Q02,"E",2025-09-15T15:53:12.000Z
Apricot_Dog,U1-L2-Q03,"B",2025-09-15T15:53:20.000Z
Banana_Goat,U1-L3-Q01,"E",2025-09-12T13:46:36.000Z
Banana_Goat,U1-L3-Q02,"B",2025-09-12T13:49:13.000Z
Banana_Goat,U1-L3-Q03,"E",2025-09-12T13:51:07.000Z
Apple_Monkey,U2-L2-Q01,"E",2025-09-12T09:31:35.000Z
Apple_Monkey,U1-L2-Q01,"B",2025-09-12T09:33:43.000Z
Apple_Monkey,U1-L2-Q02,"E",2025-09-12T09:34:00.000Z
Apple_Monkey,U1-L2-Q03,"B",2025-09-12T09:34:12.000Z
Apple_Monkey,U1-L3-Q03,"E",2025-09-12T09:36:28.000Z
Apple_Monkey,U1-L3-Q01,"E",2025-09-12T09:36:44.000Z
Apple_Monkey,U1-L3-Q02,"B",2025-09-12T09:36:52.000Z
Apple_Monkey,U1-L4-Q01,"C",2025-09-13T21:45:04.000Z
Apple_Monkey,U1-L4-Q02,"E",2025-09-13T22:16:04.000Z
Apple_Monkey,U1-L4-Q03,"A",2025-09-13T22:16:10.000Z
Apple_Monkey,U1-L4-Q04,"B",2025-09-13T22:16:21.000Z
Apple_Monkey,U1-L4-Q05,"E",2025-09-13T22:16:27.000Z
Apple_Monkey,U1-L4-Q06,"D",2025-09-13T22:16:34.000Z
Apple_Monkey,U1-L5-Q01,"C",2025-09-13T22:23:52.000Z
Apple_Monkey,U1-L5-Q02,"E",2025-09-13T22:23:58.000Z
Apple_Monkey,U1-L5-Q03,"D",2025-09-13T22:24:11.000Z
Apple_Monkey,U1-L6-Q03,"D",2025-09-14T20:52:31.000Z
Apple_Monkey,U1-L6-Q01,"B",2025-09-14T20:53:29.000Z
Apple_Monkey,U1-L6-Q02,"D",2025-09-14T20:54:57.000Z
Guava_Cat,U1-L2-Q01,"B",2025-09-12T09:26:56.000Z
Guava_Cat,U1-L2-Q02,"E",2025-09-12T09:27:34.000Z
Guava_Cat,U1-L2-Q03,"B",2025-09-12T09:27:42.000Z
Guava_Cat,U1-L3-Q01,"E",2025-09-12T09:28:23.000Z
Guava_Cat,U1-L3-Q02,"B",2025-09-12T09:28:54.000Z
Guava_Cat,U1-L3-Q03,"E",2025-09-12T09:30:28.000Z
Guava_Cat,U1-L4-Q01,"C",2025-09-12T09:31:15.000Z
Guava_Cat,U1-L4-Q02,"C",2025-09-12T09:31:54.000Z
Guava_Cat,U1-L4-Q03,"A",2025-09-12T09:33:12.000Z
Guava_Cat,U1-L4-Q04,"B",2025-09-12T09:35:01.000Z
Guava_Cat,U1-L4-Q05,"C",2025-09-12T09:37:41.000Z
Guava_Cat,U1-L4-Q06,"A",2025-09-12T09:38:15.000Z
Plum_Iguana,U1-L3-Q01,"E",2025-09-12T14:19:16.000Z
Plum_Iguana,U1-L3-Q02,"A",2025-09-12T14:20:07.000Z
Plum_Iguana,U1-L3-Q03,"E",2025-09-12T14:20:10.000Z
Apple_Rabbit,U1-L2-Q01,"B",2025-09-12T09:27:19.000Z
Apple_Rabbit,U1-L2-Q02,"E",2025-09-12T09:27:58.000Z
Apple_Rabbit,U1-L2-Q03,"B",2025-09-12T09:29:00.000Z
Apple_Rabbit,U1-L3-Q03,"E",2025-09-12T09:30:00.000Z
Apple_Rabbit,U1-L3-Q01,"E",2025-09-12T09:30:06.000Z
Apple_Rabbit,U1-L3-Q02,"B",2025-09-12T09:30:09.000Z
Papaya_Fox,U1-L3-Q01,"E",2025-09-12T13:44:36.000Z
Papaya_Fox,U1-L3-Q02,"B",2025-09-12T13:45:29.000Z
Papaya_Fox,U1-L3-Q03,"E",2025-09-12T13:46:12.000Z
Papaya_Goat,U1-L3-Q01,"E",2025-09-12T13:48:17.000Z
Papaya_Goat,U1-L3-Q02,"B",2025-09-12T13:57:19.000Z
Papaya_Goat,U1-L3-Q03,"E",2025-09-12T14:02:06.000Z
Grape_Newt,U1-L3-Q01,"A",2025-09-12T14:08:23.000Z
Grape_Newt,U1-L3-Q02,"A",2025-09-12T14:08:54.000Z
Grape_Newt,U1-L3-Q03,"E",2025-09-12T14:11:35.000Z
Kiwi_Panda,U1-L2-Q01,"B",2025-09-12T13:43:41.000Z
Kiwi_Panda,U1-L2-Q02,"E",2025-09-12T13:47:33.000Z
Kiwi_Panda,U1-L2-Q03,"B",2025-09-12T13:49:55.000Z
Kiwi_Panda,U1-L3-Q02,"B",2025-09-12T14:12:19.000Z
Kiwi_Panda,U1-L3-Q01,"E",2025-09-12T14:19:02.000Z
Kiwi_Panda,U1-L3-Q03,"E",2025-09-15T11:02:19.000Z
Grape_Fox,U1-L3-Q01,"E",2025-09-12T13:44:36.000Z
Grape_Fox,U1-L3-Q02,"B",2025-09-12T13:45:29.000Z
Grape_Fox,U1-L3-Q03,"E",2025-09-12T13:46:12.000Z
papaya_goat,U1-L3-Q01,"E",2025-09-12T13:48:17.000Z
papaya_goat,U1-L3-Q02,"B",2025-09-12T13:57:19.000Z
papaya_goat,U1-L3-Q03,"E",2025-09-12T14:02:06.000Z
Lemon_Monkey,U1-L3-Q01,"E",2025-09-12T13:42:39.000Z
Lemon_Monkey,U1-L3-Q03,"E",2025-09-12T13:51:07.000Z
Lemon_Monkey,U1-L3-Q02,"B",2025-09-12T13:51:29.000Z
Apricot_Horse,U1-L4-Q01,"C",2025-09-15T09:18:06.000Z
Apricot_Horse,U1-L4-Q02,"B",2025-09-15T09:17:43.000Z
Apricot_Horse,U1-L4-Q03,"A",2025-09-15T09:26:46.000Z
Apricot_Horse,U1-L4-Q04,"B",2025-09-15T09:32:39.000Z
Apricot_Horse,U1-L4-Q05,"A",2025-09-15T09:13:04.000Z
Apricot_Horse,U1-L4-Q06,"D",2025-09-15T09:13:35.000Z
Mango_Dog,U1-L4-Q01,"C",2025-09-12T13:47:44.000Z
Mango_Dog,U1-L4-Q02,"D",2025-09-12T13:54:42.000Z
Mango_Dog,U1-L4-Q03,"A",2025-09-12T14:13:22.000Z
Mango_Dog,U1-L3-Q01,"E",2025-09-12T14:21:42.000Z
Mango_Dog,U1-L3-Q02,"B",2025-09-14T22:18:40.000Z
Mango_Dog,U1-L3-Q03,"E",2025-09-14T22:23:02.000Z
Lemon_Goat,U1-L5-Q01,"C",2025-09-16T10:03:59.000Z
Lemon_Goat,U1-L5-Q02,"E",2025-09-16T10:05:54.000Z
Lemon_Goat,U1-L5-Q03,"D",2025-09-18T10:27:24.000Z
Lemon_Goat,U1-L7-Q01,"B",2025-09-25T10:15:21.000Z
Lemon_Goat,U1-L7-Q02,"D",2025-09-25T10:19:50.000Z
Lemon_Goat,U1-L7-Q03,"B",2025-09-25T10:24:42.000Z
Lemon_Goat,U1-L7-Q04,"B",2025-09-25T10:25:51.000Z
Lemon_Goat,U1-L7-Q05,"A",2025-09-25T10:26:11.000Z
Lemon_Goat,U1-L7-Q06,"D",2025-09-25T10:27:08.000Z
Lemon_Goat,U1-L8-Q01,"C",2025-09-26T09:07:07.000Z
Lemon_Goat,U1-L8-Q02,"B",2025-09-26T09:12:35.000Z
Lemon_Goat,U1-L8-Q03,"D",2025-09-26T09:12:38.000Z
Apricot_Fox,U1-L5-Q01,"C",2025-09-16T12:02:43.000Z
Apricot_Fox,U1-L5-Q02,"E",2025-09-16T12:02:45.000Z
Apricot_Fox,U1-L5-Q03,"B",2025-09-16T12:02:48.000Z
Apricot_Fox,U1-L6-Q01,"A",2025-09-18T13:10:03.000Z
Apricot_Fox,U1-L6-Q02,"A",2025-09-18T13:10:06.000Z
Apricot_Fox,U1-L6-Q03,"D",2025-09-18T13:10:42.000Z
Apricot_Fox,U1-L2-Q03,"B",2025-09-18T13:11:18.000Z
Apricot_Fox,U1-L2-Q02,"E",2025-09-18T13:11:19.000Z
Apricot_Fox,U1-L2-Q01,"B",2025-09-18T13:11:21.000Z
Apricot_Fox,U1-L7-Q01,"B",2025-09-25T10:31:45.000Z
Apricot_Fox,U1-L7-Q02,"D",2025-09-25T10:31:47.000Z
Apricot_Fox,U1-L7-Q03,"A",2025-09-25T10:31:50.000Z
Apricot_Fox,U1-L7-Q04,"E",2025-09-25T10:31:54.000Z
Apricot_Fox,U1-L7-Q05,"A",2025-09-25T10:31:57.000Z
Apricot_Fox,U1-L7-Q06,"D",2025-09-25T10:31:59.000Z
Apricot_Fox,U1-L8-Q03,"C",2025-09-26T09:19:35.000Z
Apricot_Fox,U1-L8-Q02,"D",2025-09-26T09:19:38.000Z
Apricot_Fox,U1-L8-Q01,"C",2025-09-26T09:19:40.000Z
Apricot_Fox,U1-L9-Q03,"D",2025-09-29T09:46:23.000Z
Apricot_Fox,U1-L9-Q02,"B",2025-09-29T09:46:25.000Z
Apricot_Fox,U1-L9-Q01,"B",2025-09-29T09:46:28.000Z
Berry_Iguana,U1-L3-Q01,"E",2025-09-15T13:32:14.000Z
Berry_Iguana,U1-L3-Q03,"E",2025-09-15T13:42:17.000Z
Berry_Iguana,U1-L4-Q01,"C",2025-09-15T13:56:33.000Z
Berry_Iguana,U1-L4-Q02,"E",2025-09-15T13:58:54.000Z
Berry_Iguana,U1-L4-Q03,"A",2025-09-15T14:02:30.000Z
Berry_Iguana,U1-L4-Q04,"B",2025-09-15T14:04:59.000Z
Berry_Iguana,U1-L4-Q05,"C",2025-09-15T14:07:40.000Z
Berry_Iguana,U1-L4-Q06,"D",2025-09-15T14:10:40.000Z
Berry_Iguana,U1-L3-Q02,"B",2025-09-15T14:11:32.000Z
Berry_Iguana,U1-L5-Q03,"D",2025-09-17T13:02:16.000Z
Berry_Iguana,U1-L5-Q02,"E",2025-09-17T12:56:44.000Z
Berry_Iguana,U1-L5-Q01,"C",2025-09-17T13:03:39.000Z
Papaya_Iguana,U1-L6-Q01,"B",2025-09-24T11:27:20.000Z
Papaya_Iguana,U1-L6-Q02,"A",2025-09-24T11:27:45.000Z
Papaya_Iguana,U1-L6-Q03,"C",2025-09-24T11:27:56.000Z
Papaya_Iguana,U1-L5-Q01,"E",2025-09-24T11:28:09.000Z
Papaya_Iguana,U1-L5-Q02,"D",2025-09-24T11:28:39.000Z
Papaya_Iguana,U1-L5-Q03,"D",2025-09-24T11:28:47.000Z
Papaya_Iguana,U1-L4-Q01,"C",2025-09-24T11:29:28.000Z
Papaya_Iguana,U1-L4-Q02,"A",2025-09-24T11:29:40.000Z
Papaya_Iguana,U1-L4-Q03,"E",2025-09-24T11:30:10.000Z
Papaya_Iguana,U1-L4-Q04,"B",2025-09-24T11:30:25.000Z
Papaya_Iguana,U1-L4-Q05,"C",2025-09-24T11:30:34.000Z
Papaya_Iguana,U1-L4-Q06,"E",2025-09-24T11:30:59.000Z
Papaya_Iguana,U1-L3-Q01,"A",2025-09-24T11:31:14.000Z
Papaya_Iguana,U1-L3-Q02,"B",2025-09-24T11:31:47.000Z
Papaya_Iguana,U1-L3-Q03,"E",2025-09-24T11:32:31.000Z
Papaya_Iguana,U1-L2-Q01,"A",2025-09-24T11:32:51.000Z
Papaya_Iguana,U1-L2-Q02,"E",2025-09-24T11:33:05.000Z
Papaya_Iguana,U1-L2-Q03,"B",2025-09-24T11:33:19.000Z
Papaya_Iguana,U1-L7-Q01,"E",2025-09-26T13:35:17.000Z
Papaya_Iguana,U1-L7-Q02,"D",2025-09-26T13:35:48.000Z
Papaya_Iguana,U1-L7-Q03,"B",2025-09-26T13:36:19.000Z
Papaya_Iguana,U1-L7-Q04,"C",2025-09-26T13:39:50.000Z
Papaya_Iguana,U1-L7-Q05,"E",2025-09-26T13:46:20.000Z
Papaya_Iguana,U1-L7-Q06,"B",2025-09-26T13:46:31.000Z
Papaya_Iguana,U1-L8-Q01,"C",2025-09-29T14:03:10.000Z
Papaya_Iguana,U1-L8-Q02,"A",2025-09-29T14:03:51.000Z
Papaya_Iguana,U1-L8-Q03,"C",2025-09-29T14:04:29.000Z
lemon-eagle,U1-L8-Q01,"A",2025-09-29T14:11:48.000Z
lemon-eagle,U1-L8-Q02,"C",2025-09-29T14:11:41.000Z
lemon-eagle,U1-L8-Q03,"C",2025-09-29T14:14:56.000Z
Apricot_Dog,U1-L5-Q01,"C",2025-09-18T21:33:08.000Z
Apricot_Dog,U1-L5-Q02,"E",2025-09-18T21:33:29.000Z
Apricot_Dog,U1-L5-Q03,"D",2025-09-18T21:34:16.000Z
Apricot_Dog,U1-L6-Q01,"A",2025-09-18T21:46:03.000Z
Apricot_Dog,U1-L6-Q02,"D",2025-09-18T21:49:20.000Z
Apricot_Dog,U1-L6-Q03,"E",2025-09-18T21:51:39.000Z
Apricot_Dog,U1-L7-Q01,"B",2025-09-26T09:09:09.000Z
Apricot_Dog,U1-L7-Q02,"D",2025-09-26T09:09:21.000Z
Apricot_Dog,U1-L7-Q03,"A",2025-09-26T09:09:42.000Z
Apricot_Dog,U1-L7-Q04,"B",2025-09-26T09:09:51.000Z
Apricot_Dog,U1-L7-Q05,"A",2025-09-26T09:09:59.000Z
Apricot_Dog,U1-L7-Q06,"D",2025-09-26T09:10:07.000Z
Apricot_Dog,U1-L8-Q03,"C",2025-09-26T09:18:28.000Z
Apricot_Dog,U1-L8-Q02,"E",2025-09-26T09:59:22.000Z
Apricot_Dog,U1-L8-Q01,"D",2025-09-26T09:57:13.000Z
Apricot_Dog,U1-L9-Q01,"B",2025-09-29T09:42:25.000Z
Apricot_Dog,U1-L9-Q03,"B",2025-09-29T18:06:39.000Z
Apricot_Dog,U1-L9-Q02,"B",2025-09-29T18:11:53.000Z
Banana_Goat,U1-L4-Q01,"C",2025-09-15T13:32:54.000Z
Banana_Goat,U1-L4-Q02,"D",2025-09-15T13:32:58.000Z
Banana_Goat,U1-L4-Q03,"A",2025-09-15T13:33:00.000Z
Banana_Goat,U1-L4-Q04,"B",2025-09-15T13:33:07.000Z
Banana_Goat,U1-L4-Q05,"E",2025-09-15T13:33:16.000Z
Banana_Goat,U1-L4-Q06,"D",2025-09-15T13:33:41.000Z
Banana_Goat,U1-L5-Q03,"D",2025-09-17T11:35:49.000Z
Banana_Goat,U1-L5-Q02,"E",2025-09-17T11:35:53.000Z
Banana_Goat,U1-L5-Q01,"C",2025-09-17T11:35:56.000Z
Banana_Goat,U1-L6-Q03,"D",2025-09-19T13:27:24.000Z
Banana_Goat,U1-L6-Q02,"D",2025-09-19T13:27:26.000Z
Banana_Goat,U1-L6-Q01,"B",2025-09-19T13:27:28.000Z
Banana_Goat,U1-L2-Q03,"B",2025-09-22T11:50:02.000Z
Banana_Goat,U1-L2-Q02,"E",2025-09-22T11:50:04.000Z
Banana_Goat,U1-L2-Q01,"B",2025-09-22T11:50:06.000Z
Banana_Goat,U1-L7-Q01,"B",2025-09-24T11:27:21.000Z
Banana_Goat,U1-L7-Q02,"D",2025-09-24T11:29:21.000Z
Banana_Goat,U1-L7-Q03,"B",2025-09-24T11:31:54.000Z
Banana_Goat,U1-L7-Q04,"B",2025-09-24T11:36:24.000Z
Banana_Goat,U1-L7-Q05,"A",2025-09-24T11:43:55.000Z
Banana_Goat,U1-L7-Q06,"D",2025-09-24T11:48:19.000Z
Banana_Goat,U1-L8-Q01,"D",2025-09-29T14:02:31.000Z
Banana_Goat,U1-L8-Q02,"C",2025-09-29T14:05:54.000Z
Banana_Goat,U1-L8-Q03,"C",2025-09-29T14:10:26.000Z
Banana_Fox,U1-L7-Q03,"B",2025-09-25T10:27:07.000Z
Banana_Fox,U1-L7-Q04,"B",2025-09-25T10:32:02.000Z
Banana_Fox,U1-L7-Q01,"B",2025-09-25T10:34:28.000Z
Banana_Fox,U1-L7-Q02,"D",2025-09-25T10:34:50.000Z
Banana_Fox,U1-L7-Q06,"C",2025-09-25T10:39:12.000Z
Banana_Fox,U1-L7-Q05,"A",2025-09-25T10:40:48.000Z
Apple_Monkey,U1-L7-Q06,"C",2025-09-25T10:21:36.000Z
Apple_Monkey,U1-L7-Q05,"A",2025-09-25T10:20:56.000Z
Apple_Monkey,U1-L7-Q04,"E",2025-09-25T10:21:04.000Z
Apple_Monkey,U1-L7-Q03,"B",2025-09-25T10:15:37.000Z
Apple_Monkey,U1-L7-Q02,"D",2025-09-25T10:15:39.000Z
Apple_Monkey,U1-L7-Q01,"B",2025-09-25T10:15:48.000Z
Coconut_Cat,U1-L3-Q01,"E",2025-09-17T13:04:33.000Z
Coconut_Cat,U1-L3-Q02,"C",2025-09-17T13:09:44.000Z
Coconut_Cat,U1-L3-Q03,"E",2025-09-17T13:14:42.000Z
Coconut_Cat,U1-L6-Q02,"D",2025-09-24T11:40:50.000Z
Coconut_Cat,U1-L6-Q03,"C",2025-09-24T11:41:40.000Z
Coconut_Cat,U1-L6-Q01,"B",2025-09-24T11:38:52.000Z
Coconut_Cat,U1-L2-Q01,"B",2025-09-24T11:46:14.000Z
Coconut_Cat,U1-L2-Q02,"E",2025-09-24T11:47:32.000Z
Coconut_Cat,U1-L2-Q03,"E",2025-09-24T11:49:05.000Z
Coconut_Cat,U1-L4-Q01,"E",2025-09-24T11:50:13.000Z
Coconut_Cat,U1-L4-Q02,"A",2025-09-24T11:51:28.000Z
Coconut_Cat,U1-L4-Q03,"A",2025-09-24T11:52:58.000Z
Coconut_Cat,U1-L4-Q04,"B",2025-09-24T11:53:26.000Z
Coconut_Cat,U1-L4-Q05,"E",2025-09-24T13:02:13.000Z
Coconut_Cat,U1-L4-Q06,"D",2025-09-24T13:02:50.000Z
Coconut_Cat,U1-L5-Q01,"D",2025-09-24T13:08:10.000Z
Coconut_Cat,U1-L5-Q02,"E",2025-09-24T13:09:19.000Z
Coconut_Cat,U1-L5-Q03,"A",2025-09-24T13:10:04.000Z
Guava_Cat,U1-L5-Q01,"C",2025-09-16T09:59:13.000Z
Guava_Cat,U1-L5-Q02,"E",2025-09-16T09:59:57.000Z
Guava_Cat,U1-L5-Q03,"D",2025-09-16T10:00:18.000Z
Guava_Cat,U1-L6-Q01,"B",2025-09-16T10:00:53.000Z
Guava_Cat,U1-L6-Q03,"E",2025-09-16T10:01:12.000Z
Guava_Cat,U1-L6-Q02,"A",2025-09-16T10:01:16.000Z
Mango_Tiger,U1-L6-Q02,"E",2025-09-24T11:31:41.000Z
Mango_Tiger,U1-L6-Q03,"C",2025-09-24T11:31:52.000Z
Mango_Tiger,U1-L6-Q01,"E",2025-09-24T11:34:11.000Z
Mango_Tiger,U1-L7-Q01,"B",2025-09-26T13:23:50.000Z
Mango_Tiger,U1-L7-Q02,"D",2025-09-26T13:24:27.000Z
Mango_Tiger,U1-L7-Q04,"E",2025-09-26T13:29:35.000Z
Mango_Tiger,U1-L7-Q06,"B",2025-09-26T13:35:22.000Z
Mango_Tiger,U1-L7-Q05,"D",2025-09-26T13:36:13.000Z
Mango_Tiger,U1-L7-Q03,"B",2025-09-26T13:39:10.000Z
Mango_Tiger,U1-L8-Q02,"D",2025-09-29T14:01:31.000Z
Mango_Tiger,U1-L8-Q01,"D",2025-09-29T14:04:25.000Z
Mango_Tiger,U1-L8-Q03,"C",2025-09-29T14:06:26.000Z
Plum_Iguana,U1-L4-Q01,"C",2025-09-15T13:46:26.000Z
Plum_Iguana,U1-L4-Q02,"D",2025-09-15T13:46:29.000Z
Plum_Iguana,U1-L4-Q03,"A",2025-09-15T13:46:31.000Z
Plum_Iguana,U1-L4-Q04,"B",2025-09-15T13:46:35.000Z
Plum_Iguana,U1-L4-Q05,"C",2025-09-15T13:46:38.000Z
Plum_Iguana,U1-L4-Q06,"D",2025-09-15T13:46:39.000Z
Plum_Iguana,U1-L5-Q03,"B",2025-09-17T13:18:08.000Z
Plum_Iguana,U1-L5-Q02,"E",2025-09-17T13:18:11.000Z
Plum_Iguana,U1-L5-Q01,"B",2025-09-17T13:18:13.000Z
Plum_Iguana,U1-L6-Q01,"B",2025-09-24T11:28:07.000Z
Plum_Iguana,U1-L6-Q03,"D",2025-09-24T11:28:47.000Z
Plum_Iguana,U1-L6-Q02,"E",2025-09-24T11:29:56.000Z
Plum_Iguana,U1-L7-Q03,"B",2025-09-26T13:41:59.000Z
Plum_Iguana,U1-L7-Q02,"D",2025-09-26T13:42:08.000Z
Plum_Iguana,U1-L7-Q01,"B",2025-09-26T13:42:37.000Z
Plum_Iguana,U1-L7-Q06,"A",2025-09-26T13:48:27.000Z
Plum_Iguana,U1-L7-Q05,"A",2025-09-26T13:48:30.000Z
Plum_Iguana,U1-L7-Q04,"B",2025-09-26T13:48:31.000Z
Plum_Iguana,U1-L8-Q01,"D",2025-09-29T14:20:13.000Z
Plum_Iguana,U1-L8-Q02,"D",2025-09-29T14:20:39.000Z
Plum_Iguana,U1-L8-Q03,"A",2025-09-29T14:21:14.000Z
Apple_Rabbit,U1-L4-Q06,"D",2025-09-15T09:36:41.000Z
Apple_Rabbit,U1-L4-Q05,"E",2025-09-15T09:36:43.000Z
Apple_Rabbit,U1-L4-Q04,"B",2025-09-15T09:36:45.000Z
Apple_Rabbit,U1-L4-Q03,"A",2025-09-15T09:36:47.000Z
Apple_Rabbit,U1-L4-Q02,"D",2025-09-15T09:36:49.000Z
Apple_Rabbit,U1-L4-Q01,"C",2025-09-15T09:36:51.000Z
Apple_Rabbit,U1-L5-Q01,"C",2025-09-18T10:04:40.000Z
Apple_Rabbit,U1-L5-Q02,"E",2025-09-18T10:05:42.000Z
Apple_Rabbit,U1-L5-Q03,"D",2025-09-18T10:07:09.000Z
Apple_Rabbit,U1-L6-Q01,"B",2025-09-19T09:00:59.000Z
Apple_Rabbit,U1-L6-Q02,"E",2025-09-19T09:01:04.000Z
Apple_Rabbit,U1-L6-Q03,"D",2025-09-19T09:01:08.000Z
Apple_Rabbit,U1-L7-Q01,"B",2025-09-25T10:02:52.000Z
Apple_Rabbit,U1-L7-Q02,"D",2025-09-25T10:04:47.000Z
Apple_Rabbit,U1-L7-Q03,"B",2025-09-25T10:08:24.000Z
Apple_Rabbit,U1-L7-Q04,"B",2025-09-25T10:09:17.000Z
Apple_Rabbit,U1-L7-Q05,"A",2025-09-25T10:15:46.000Z
Apple_Rabbit,U1-L7-Q06,"D",2025-09-25T10:24:18.000Z
Apple_Rabbit,U1-L8-Q01,"D",2025-09-26T09:08:19.000Z
Apple_Rabbit,U1-L8-Q02,"C",2025-09-26T09:10:28.000Z
Apple_Rabbit,U1-L8-Q03,"E",2025-09-26T09:13:55.000Z
Apple_Rabbit,U1-L9-Q01,"B",2025-09-29T09:40:31.000Z
Apple_Rabbit,U1-L9-Q02,"B",2025-09-29T13:18:39.000Z
Apple_Rabbit,U1-L9-Q03,"B",2025-09-29T13:26:14.000Z
Lemon_Eagle,U1-L3-Q01,"E",2025-09-15T13:43:07.000Z
Lemon_Eagle,U1-L3-Q02,"B",2025-09-15T13:43:23.000Z
Lemon_Eagle,U1-L3-Q03,"E",2025-09-15T13:45:08.000Z
Lemon_Eagle,U1-L4-Q01,"C",2025-09-15T13:55:13.000Z
Lemon_Eagle,U1-L4-Q02,"E",2025-09-15T13:55:18.000Z
Lemon_Eagle,U1-L4-Q03,"A",2025-09-15T13:59:30.000Z
Lemon_Eagle,U1-L4-Q04,"B",2025-09-15T14:01:52.000Z
Lemon_Eagle,U1-L4-Q05,"D",2025-09-15T14:07:05.000Z
Lemon_Eagle,U1-L4-Q06,"D",2025-09-15T14:13:18.000Z
Papaya_Fox,U1-L4-Q02,"E",2025-09-15T13:34:14.000Z
Papaya_Fox,U1-L4-Q01,"C",2025-09-15T13:34:28.000Z
Papaya_Fox,U1-L4-Q03,"A",2025-09-15T13:36:23.000Z
Papaya_Fox,U1-L4-Q04,"B",2025-09-15T13:41:38.000Z
Papaya_Fox,U1-L4-Q05,"C",2025-09-15T13:57:50.000Z
Papaya_Fox,U1-L4-Q06,"D",2025-09-15T14:00:09.000Z
Papaya_Fox,U1-L5-Q03,"D",2025-09-17T11:59:39.000Z
Papaya_Fox,U1-L5-Q02,"A",2025-09-17T11:59:41.000Z
Papaya_Fox,U1-L5-Q01,"D",2025-09-17T11:59:43.000Z
Papaya_Fox,U1-L6-Q02,"A",2025-09-19T13:35:00.000Z
Papaya_Fox,U1-L6-Q03,"D",2025-09-19T13:36:53.000Z
Papaya_Fox,U1-L6-Q01,"B",2025-09-19T13:46:32.000Z
Papaya_Fox,U1-L7-Q01,"A",2025-09-22T11:41:17.000Z
lemon_eagle,U1-L7-Q01,"B",2025-09-26T13:40:22.000Z
lemon_eagle,U1-L7-Q02,"D",2025-09-26T13:41:04.000Z
lemon_eagle,U1-L7-Q03,"A",2025-09-26T13:43:10.000Z
lemon_eagle,U1-L7-Q04,"B",2025-09-26T13:44:13.000Z
lemon_eagle,U1-L7-Q05,"A",2025-09-26T13:44:29.000Z
lemon_eagle,U1-L7-Q06,"D",2025-09-26T13:46:37.000Z
Cherry_Monkey,U1-L2-Q03,"B",2025-09-17T15:21:10.000Z
Cherry_Monkey,U1-L2-Q02,"E",2025-09-17T15:21:14.000Z
Cherry_Monkey,U1-L2-Q01,"B",2025-09-17T15:21:17.000Z
Cherry_Monkey,U1-L3-Q02,"A",2025-09-17T15:27:19.000Z
Cherry_Monkey,U1-L3-Q03,"E",2025-09-17T15:27:22.000Z
Cherry_Monkey,U1-L3-Q01,"C",2025-09-17T15:27:42.000Z
Cherry_Monkey,U1-L4-Q01,"C",2025-09-17T15:33:29.000Z
Cherry_Monkey,U1-L4-Q02,"D",2025-09-17T15:33:31.000Z
Cherry_Monkey,U1-L4-Q03,"A",2025-09-17T15:33:42.000Z
Cherry_Monkey,U1-L4-Q04,"B",2025-09-17T15:33:54.000Z
Cherry_Monkey,U1-L4-Q05,"E",2025-09-17T15:34:08.000Z
Cherry_Monkey,U1-L4-Q06,"D",2025-09-17T15:34:18.000Z
Cherry_Monkey,U1-L5-Q01,"C",2025-09-17T15:34:59.000Z
Cherry_Monkey,U1-L5-Q02,"E",2025-09-17T15:35:03.000Z
Cherry_Monkey,U1-L5-Q03,"D",2025-09-17T15:35:06.000Z
Cherry_Monkey,U1-L6-Q01,"B",2025-09-24T11:26:45.000Z
Cherry_Monkey,U1-L6-Q02,"D",2025-09-24T11:26:49.000Z
Cherry_Monkey,U1-L6-Q03,"D",2025-09-24T11:26:53.000Z
Cherry_Monkey,U1-L7-Q01,"B",2025-09-26T13:26:16.000Z
Cherry_Monkey,U1-L7-Q02,"D",2025-09-26T13:27:52.000Z
Cherry_Monkey,U1-L7-Q03,"B",2025-09-26T13:28:41.000Z
Cherry_Monkey,U1-L7-Q04,"B",2025-09-26T13:29:13.000Z
Cherry_Monkey,U1-L7-Q05,"A",2025-09-26T13:29:52.000Z
Cherry_Monkey,U1-L7-Q06,"D",2025-09-26T13:30:25.000Z
Cherry_Monkey,U1-L8-Q01,"D",2025-09-29T14:05:41.000Z
Cherry_Monkey,U1-L8-Q02,"C",2025-09-29T14:06:02.000Z
Cherry_Monkey,U1-L8-Q03,"C",2025-09-29T14:06:48.000Z
Grape_Koala,U1-L4-Q01,"C",2025-09-15T13:35:07.000Z
Grape_Koala,U1-L4-Q06,"E",2025-09-15T13:42:43.000Z
Grape_Koala,U1-L4-Q05,"C",2025-09-15T13:42:45.000Z
Grape_Koala,U1-L4-Q04,"D",2025-09-15T13:43:51.000Z
Grape_Koala,U1-L4-Q02,"E",2025-09-15T13:45:37.000Z
Grape_Koala,U1-L4-Q03,"A",2025-09-15T13:45:44.000Z
Grape_Koala,U1-L5-Q01,"C",2025-09-17T13:02:10.000Z
Grape_Koala,U1-L5-Q02,"E",2025-09-17T13:02:12.000Z
Grape_Koala,U1-L5-Q03,"D",2025-09-17T13:02:13.000Z
Grape_Koala,U1-L6-Q02,"C",2025-09-24T11:24:25.000Z
Grape_Koala,U1-L6-Q01,"B",2025-09-24T11:24:28.000Z
Grape_Koala,U1-L6-Q03,"C",2025-09-24T11:24:47.000Z
Papaya_Goat,U1-L6-Q01,"B",2025-09-24T11:27:11.000Z
Papaya_Goat,U1-L6-Q02,"D",2025-09-24T11:33:26.000Z
Papaya_Goat,U1-L6-Q03,"D",2025-09-24T11:34:26.000Z
Papaya_Goat,U1-L4-Q01,"C",2025-09-15T13:30:07.000Z
Papaya_Goat,U1-L4-Q02,"D",2025-09-15T13:31:12.000Z
Papaya_Goat,U1-L4-Q03,"A",2025-09-15T13:32:48.000Z
Papaya_Goat,U1-L4-Q04,"B",2025-09-15T13:37:47.000Z
Papaya_Goat,U1-L4-Q05,"C",2025-09-15T13:39:10.000Z
Papaya_Goat,U1-L4-Q06,"D",2025-09-15T13:42:58.000Z
Kiwi_Panda,U1-L4-Q01,"C",2025-09-19T13:41:54.000Z
Kiwi_Panda,U1-L4-Q02,"E",2025-09-19T13:49:21.000Z
Kiwi_Panda,U1-L4-Q03,"A",2025-09-19T14:18:22.000Z
Kiwi_Panda,U1-L4-Q04,"B",2025-09-19T14:20:12.000Z
Kiwi_Panda,U1-L4-Q05,"A",2025-09-19T21:20:40.000Z
Kiwi_Panda,U1-L4-Q06,"D",2025-09-19T21:24:58.000Z
Kiwi_Panda,U1-L5-Q01,"C",2025-09-19T21:35:13.000Z
Kiwi_Panda,U1-L5-Q02,"E",2025-09-19T21:38:34.000Z
Kiwi_Panda,U1-L5-Q03,"B",2025-09-19T21:43:37.000Z
Kiwi_Panda,U1-L6-Q03,"D",2025-09-19T21:53:09.000Z
Kiwi_Panda,U1-L6-Q02,"D",2025-09-24T11:43:40.000Z
Kiwi_Panda,U1-L6-Q01,"B",2025-09-19T22:46:16.000Z
Kiwi_Panda,U1-L7-Q02,"D",2025-09-26T13:34:53.000Z
Kiwi_Panda,U1-L7-Q03,"B",2025-09-26T13:44:57.000Z
Kiwi_Panda,U1-L7-Q01,"D",2025-09-26T13:51:49.000Z
Kiwi_Panda,U1-L7-Q04,"B",2025-09-29T20:18:25.000Z
Kiwi_Panda,U1-L7-Q05,"A",2025-09-29T20:25:28.000Z
Kiwi_Panda,U1-L7-Q06,"D",2025-09-29T20:28:38.000Z
Kiwi_Panda,U1-L8-Q01,"D",2025-09-29T20:34:27.000Z
Kiwi_Panda,U1-L8-Q02,"D",2025-09-29T20:41:52.000Z
Kiwi_Panda,U1-L8-Q03,"C",2025-09-29T20:44:34.000Z
Grape_Fox,U1-L4-Q02,"E",2025-09-15T13:34:14.000Z
Grape_Fox,U1-L4-Q01,"C",2025-09-15T13:34:28.000Z
Grape_Fox,U1-L4-Q03,"A",2025-09-15T13:36:23.000Z
Grape_Fox,U1-L4-Q04,"B",2025-09-15T13:41:38.000Z
Grape_Fox,U1-L4-Q05,"C",2025-09-15T13:57:50.000Z
Grape_Fox,U1-L4-Q06,"D",2025-09-15T14:00:09.000Z
Grape_Fox,U1-L5-Q03,"D",2025-09-17T12:14:54.000Z
Grape_Fox,U1-L5-Q02,"E",2025-09-17T12:12:42.000Z
Grape_Fox,U1-L5-Q01,"C",2025-09-17T12:12:09.000Z
Grape_Fox,U1-L6-Q02,"D",2025-09-24T11:28:35.000Z
Grape_Fox,U1-L6-Q03,"D",2025-09-24T11:28:42.000Z
Grape_Fox,U1-L6-Q01,"B",2025-09-24T11:28:27.000Z
Grape_Fox,U1-L7-Q01,"B",2025-09-26T13:24:47.000Z
Grape_Fox,U1-L7-Q02,"D",2025-09-26T13:24:55.000Z
Grape_Fox,U1-L7-Q03,"B",2025-09-26T13:25:40.000Z
Grape_Fox,U1-L7-Q04,"A",2025-09-26T13:44:05.000Z
Grape_Fox,U1-L7-Q05,"A",2025-09-26T14:13:14.000Z
Grape_Fox,U1-L7-Q06,"D",2025-09-26T23:45:36.000Z
Grape_Fox,U1-L8-Q01,"D",2025-09-29T22:12:55.000Z
Grape_Fox,U1-L8-Q02,"C",2025-09-29T22:13:17.000Z
Grape_Fox,U1-L8-Q03,"D",2025-09-29T22:14:16.000Z
mango_panda,U1-L6-Q01,"B",2025-09-18T10:07:18.000Z
mango_panda,U1-L6-Q02,"A",2025-09-18T10:07:21.000Z
mango_panda,U1-L6-Q03,"E",2025-09-18T10:07:22.000Z
mango_panda,U1-L7-Q01,"C",2025-09-18T10:09:13.000Z
mango_panda,U1-L7-Q03,"B",2025-09-18T10:09:33.000Z
Guava_Wolf,U1-L4-Q01,"C",2025-09-15T14:23:48.000Z
Guava_Wolf,U1-L4-Q02,"E",2025-09-15T14:23:56.000Z
Guava_Wolf,U1-L4-Q03,"A",2025-09-15T14:24:03.000Z
Guava_Wolf,U1-L4-Q04,"B",2025-09-15T14:24:10.000Z
Guava_Wolf,U1-L4-Q05,"D",2025-09-15T14:24:18.000Z
Guava_Wolf,U1-L4-Q06,"D",2025-09-15T14:24:24.000Z
Guava_Wolf,U1-L7-Q01,"B",2025-09-26T13:35:30.000Z
Guava_Wolf,U1-L7-Q02,"D",2025-09-26T13:36:14.000Z
Guava_Wolf,U1-L7-Q05,"A",2025-09-26T13:40:43.000Z
Guava_Wolf,U1-L7-Q04,"B",2025-09-26T13:43:56.000Z
Guava_Wolf,U1-L7-Q03,"B",2025-09-26T13:44:26.000Z
Guava_Wolf,U1-L7-Q06,"D",2025-09-26T13:49:26.000Z
papaya_goat,U1-L4-Q01,"C",2025-09-15T13:30:07.000Z
papaya_goat,U1-L4-Q02,"D",2025-09-15T13:31:12.000Z
papaya_goat,U1-L4-Q03,"A",2025-09-15T13:32:48.000Z
papaya_goat,U1-L4-Q04,"B",2025-09-15T13:37:47.000Z
papaya_goat,U1-L4-Q05,"C",2025-09-15T13:39:10.000Z
papaya_goat,U1-L4-Q06,"D",2025-09-15T13:42:58.000Z
papaya_goat,U1-L7-Q01,"B",2025-09-26T13:30:35.000Z
papaya_goat,U1-L7-Q02,"D",2025-09-26T13:34:47.000Z
papaya_goat,U1-L7-Q03,"B",2025-09-26T13:41:28.000Z
papaya_goat,U1-L7-Q04,"B",2025-09-26T13:41:47.000Z
papaya_goat,U1-L7-Q05,"A",2025-09-26T13:41:52.000Z
papaya_goat,U1-L7-Q06,"D",2025-09-26T13:42:56.000Z
Apricot_Horse,U1-L5-Q02,"E",2025-09-18T10:15:43.000Z
Apricot_Horse,U1-L5-Q03,"D",2025-09-18T10:25:25.000Z
Apricot_Horse,U1-L5-Q01,"C",2025-09-18T10:10:13.000Z
Apricot_Horse,U1-L6-Q01,"D",2025-09-19T09:10:14.000Z
Apricot_Horse,U1-L6-Q02,"D",2025-09-19T09:10:20.000Z
Apricot_Horse,U1-L6-Q03,"C",2025-09-19T09:10:22.000Z
Apricot_Horse,U1-L3-Q02,"B",2025-09-19T09:03:53.000Z
Apricot_Horse,U1-L3-Q03,"E",2025-09-19T09:03:54.000Z
Apricot_Horse,U1-L3-Q01,"E",2025-09-19T09:03:57.000Z
Apricot_Horse,U1-L2-Q03,"B",2025-09-19T09:04:13.000Z
Apricot_Horse,U1-L2-Q02,"E",2025-09-19T09:04:16.000Z
Apricot_Horse,U1-L2-Q01,"B",2025-09-19T09:04:17.000Z
Apricot_Horse,U1-L7-Q01,"B",2025-09-25T10:05:38.000Z
Apricot_Horse,U1-L7-Q03,"B",2025-09-25T10:06:47.000Z
Apricot_Horse,U1-L7-Q02,"D",2025-09-25T10:07:13.000Z
Apricot_Horse,U1-L7-Q04,"E",2025-09-25T10:07:53.000Z
Apricot_Horse,U1-L7-Q05,"A",2025-09-25T10:08:12.000Z
Apricot_Horse,U1-L7-Q06,"B",2025-09-25T10:09:14.000Z
Apricot_Horse,U1-L8-Q01,"C",2025-09-26T09:07:16.000Z
Apricot_Horse,U1-L8-Q02,"B",2025-09-26T09:07:32.000Z
Apricot_Horse,U1-L8-Q03,"E",2025-09-26T09:08:07.000Z
Mango_Dog,U1-L4-Q04,"B",2025-09-15T13:42:23.000Z
Mango_Dog,U1-L4-Q05,"E",2025-09-15T13:56:23.000Z
Mango_Dog,U1-L4-Q06,"D",2025-09-15T14:03:14.000Z
Mango_Dog,U1-L5-Q01,"C",2025-09-17T12:14:23.000Z
Mango_Dog,U1-L5-Q02,"E",2025-09-17T12:16:12.000Z
Mango_Dog,U1-L5-Q03,"D",2025-09-17T12:18:01.000Z
Mango_Dog,U1-L6-Q01,"B",2025-09-24T11:25:11.000Z
Mango_Dog,U1-L6-Q02,"E",2025-09-24T11:31:35.000Z
Mango_Dog,U1-L6-Q03,"D",2025-09-24T11:31:19.000Z
Mango_Dog,U1-L7-Q01,"B",2025-09-26T13:28:12.000Z
Mango_Dog,U1-L7-Q02,"D",2025-09-26T13:31:36.000Z
Mango_Dog,U1-L7-Q03,"B",2025-09-26T13:39:09.000Z
Mango_Dog,U1-L7-Q04,"B",2025-09-26T13:49:54.000Z
Mango_Dog,U1-L7-Q05,"A",2025-09-26T13:51:37.000Z
Mango_Dog,U1-L7-Q06,"D",2025-09-26T13:48:34.000Z
Papaya_Eagle,U1-L6-Q01,"D",2025-09-25T10:04:34.000Z
Papaya_Eagle,U1-L6-Q02,"B",2025-09-25T10:04:37.000Z
Papaya_Eagle,U1-L6-Q03,"C",2025-09-25T10:04:40.000Z
Papaya_Eagle,U1-L7-Q06,"C",2025-09-25T10:05:34.000Z
Papaya_Eagle,U1-L7-Q05,"B",2025-09-25T10:05:36.000Z
Papaya_Eagle,U1-L7-Q04,"E",2025-09-25T10:05:38.000Z
Papaya_Eagle,U1-L7-Q03,"C",2025-09-25T10:05:40.000Z
Papaya_Eagle,U1-L7-Q02,"B",2025-09-25T10:05:41.000Z
Papaya_Eagle,U1-L7-Q01,"E",2025-09-25T10:05:43.000Z
Papaya_Eagle,U1-L8-Q02,"B",2025-09-26T09:08:01.000Z
Papaya_Eagle,U1-L8-Q01,"C",2025-09-26T09:08:02.000Z
Papaya_Eagle,U1-L8-Q03,"E",2025-09-26T09:09:07.000Z
teacher_man,U1-L4-Q01,"C",2025-09-30T01:20:38.000Z
teacher_man,U1-L4-Q02,"B",2025-09-30T01:44:22.000Z
teacher_man,U1-L5-Q01,"D",2025-09-30T01:07:16.000Z
teacher_man,U1-L6-Q01,"D",2025-09-30T01:07:50.000Z
teacher_man,U1-L2-Q01,"E",2025-10-01T00:08:55.000Z
apple_rabbit,U1-L2-Q01,"B",2025-09-12T09:27:19.000Z
apple_rabbit,U1-L2-Q02,"E",2025-09-12T09:27:58.000Z
apple_rabbit,U1-L2-Q03,"B",2025-09-12T09:29:00.000Z
apple_rabbit,U1-L3-Q03,"E",2025-09-12T09:30:00.000Z
apple_rabbit,U1-L3-Q01,"E",2025-09-12T09:30:06.000Z
apple_rabbit,U1-L3-Q02,"B",2025-09-12T09:30:09.000Z
apple_rabbit,U1-L4-Q06,"D",2025-09-15T09:36:41.000Z
apple_rabbit,U1-L4-Q05,"E",2025-09-15T09:36:43.000Z
apple_rabbit,U1-L4-Q04,"B",2025-09-15T09:36:45.000Z
apple_rabbit,U1-L4-Q03,"A",2025-09-15T09:36:47.000Z
apple_rabbit,U1-L4-Q02,"D",2025-09-15T09:36:49.000Z
apple_rabbit,U1-L4-Q01,"C",2025-09-15T09:36:51.000Z
apple_rabbit,U1-L5-Q01,"C",2025-09-18T10:04:40.000Z
apple_rabbit,U1-L5-Q02,"E",2025-09-18T10:05:42.000Z
apple_rabbit,U1-L5-Q03,"D",2025-09-18T10:07:09.000Z
teacher_man,U2-L3-Q01,"B",2025-09-30T01:46:23.000Z
teacher_man,U2-L3-Q02,"A",2025-09-30T01:47:04.000Z
Plum_iguana,U1-L3-Q01,"E",2025-09-12T14:19:16.000Z
Plum_iguana,U1-L3-Q02,"A",2025-09-12T14:20:07.000Z
Plum_iguana,U1-L3-Q03,"E",2025-09-12T14:20:10.000Z
Plum_iguana,U1-L4-Q01,"C",2025-09-15T13:46:26.000Z
Plum_iguana,U1-L4-Q02,"D",2025-09-15T13:46:29.000Z
Plum_iguana,U1-L4-Q03,"A",2025-09-15T13:46:31.000Z
Plum_iguana,U1-L4-Q04,"B",2025-09-15T13:46:35.000Z
Plum_iguana,U1-L4-Q06,"D",2025-09-15T13:46:39.000Z
Kiwi_Monkey,U9-L2-Q04,"B",2025-09-30T10:01:38.000Z
Kiwi_Monkey,U9-L2-Q05,"A",2025-09-30T10:01:43.000Z
Kiwi_Monkey,U9-L2-Q06,"D",2025-09-30T10:01:48.000Z
Kiwi_Monkey,U9-L2-Q08,"E",2025-09-30T10:01:55.000Z
Kiwi_Monkey,U9-L2-Q07,"C",2025-09-30T10:01:53.000Z
Kiwi_Monkey,U9-L2-Q09,"B",2025-09-30T10:03:01.000Z
teacher_man,U1-PC-FRQ-Q02,"dfsdf",2025-09-30T21:31:53.000Z
teacher_man,U1-PC-MCQ-A-Q01,"C",2025-09-30T21:32:09.000Z
test_user,U1-L2-Q01,"A",2025-10-04T23:05:09.000Z
Lime_Lion,U1-L3-Q01,"A",2025-10-04T21:11:17.000Z
Lime_Lion,U1-L3-Q02,"A",2025-10-04T21:11:28.000Z
Mango_Dog,U1-L8-Q01,"D",2025-10-03T08:06:42.000Z
Mango_Dog,U1-L8-Q02,"C",2025-10-03T08:06:48.000Z
Mango_Dog,U1-L8-Q03,"C",2025-10-03T08:06:54.000Z
Papaya_Iguana,U1-L9-Q01,"B",2025-10-03T13:34:05.000Z
Papaya_Iguana,U1-L9-Q02,"B",2025-10-03T13:34:44.000Z
Grape_Fox,U1-L9-Q01,"B",2025-10-03T13:34:48.000Z
Papaya_Iguana,U1-L9-Q03,"D",2025-10-03T13:35:01.000Z
Coconut_Cat,U1-L7-Q01,"B",2025-10-03T13:35:11.000Z
Plum_iguana,U1-L4-Q05,"C",2025-09-15T13:46:38.000Z
Mango_Tiger,U1-L9-Q01,"B",2025-10-03T13:35:52.000Z
Grape_Koala,U1-L9-Q01,"B",2025-10-03T13:35:59.000Z
Plum_Iguana,U1-L9-Q01,"C",2025-10-03T13:35:07.000Z
Banana_Goat,U1-L9-Q01,"B",2025-10-03T13:36:23.000Z
Papaya_Goat,U1-L9-Q01,"B",2025-10-03T13:36:40.000Z
Cherry_Monkey,U1-L9-Q01,"B",2025-10-03T13:37:05.000Z
Plum_iguana,U1-L9-Q01,"B",2025-10-03T13:37:10.000Z
Coconut_Cat,U1-L9-Q01,"B",2025-10-03T13:37:24.000Z
Papaya_Goat,U1-L9-Q02,"E",2025-10-03T13:37:34.000Z
lemon-eagle,U1-L9-Q01,"B",2025-10-03T13:37:40.000Z
Mango_Tiger,U1-L9-Q03,"B",2025-10-03T13:37:56.000Z
Plum_Iguana,U1-L9-Q02,"B",2025-10-03T13:37:55.000Z
Mango_Dog,U1-L9-Q01,"B",2025-10-03T13:38:49.000Z
Grape_Koala,U1-L9-Q02,"C",2025-10-03T13:38:55.000Z
Berry_Iguana,U1-L9-Q01,"B",2025-10-03T13:46:48.000Z
Coconut_Cat,U1-L9-Q02,"B",2025-10-03T13:42:01.000Z
Mango_Tiger,U1-L9-Q02,"A",2025-10-03T13:39:36.000Z
Grape_Koala,U1-L9-Q03,"B",2025-10-03T13:40:14.000Z
Banana_Goat,U1-L9-Q02,"B",2025-10-03T13:40:29.000Z
Plum_iguana,U1-L9-Q02,"D",2025-10-03T13:41:08.000Z
Papaya_Goat,U1-L9-Q03,"B",2025-10-03T13:41:20.000Z
Plum_Iguana,U1-L9-Q03,"E",2025-10-03T13:41:21.000Z
Banana_Goat,U1-L9-Q03,"B",2025-10-03T13:41:38.000Z
Kiwi_Panda,U1-L9-Q01,"B",2025-10-03T13:43:24.000Z
Berry_Iguana,U1-L9-Q02,"B",2025-10-03T13:43:48.000Z
Cherry_Monkey,U1-L9-Q02,"E",2025-10-03T13:44:29.000Z
Mango_Dog,U1-L9-Q02,"B",2025-10-03T13:45:34.000Z
Coconut_Cat,U1-L9-Q03,"B",2025-10-03T13:47:22.000Z
Grape_Fox,U1-L9-Q03,"B",2025-10-03T13:46:34.000Z
Plum_iguana,U1-L9-Q03,"B",2025-10-03T13:46:40.000Z
Kiwi_Panda,U1-L9-Q02,"B",2025-10-03T13:49:32.000Z
Mango_Dog,U1-L9-Q03,"B",2025-10-03T13:48:43.000Z
lemon-eagle,U1-L9-Q03,"B",2025-10-03T13:49:58.000Z
Berry_Iguana,U1-L9-Q03,"B",2025-10-03T13:50:48.000Z
Cherry_Monkey,U1-L9-Q03,"B",2025-10-03T13:51:30.000Z
Kiwi_Panda,U1-L9-Q03,"B",2025-10-03T13:52:25.000Z
lemon-eagle,U1-L9-Q02,"A",2025-10-03T13:53:55.000Z
Grape_Fox,U1-L9-Q02,"B",2025-10-03T23:52:45.000Z
teacher_man,U1-L3-Q02,"B",2025-10-04T02:06:52.000Z
teacher_man,U1-L9-Q01,"B",2025-10-04T23:43:20.000Z
Lime_Lion,U1-L2-Q01,"D",2025-10-04T18:30:04.000Z
test_peer,q1,"A",2025-10-04T21:00:35.000Z
teacher_man,U5-L4-Q01,"E",2025-10-04T23:01:01.000Z
test_user,U1-L5-Q01,"C",2025-10-04T23:05:31.000Z
test_user,U1-L3-Q01,"E",2025-10-04T23:07:38.000Z
test_user,U1-L3-Q02,"C",2025-10-04T23:07:49.000Z
test_user,U1-L3-Q03,"C",2025-10-04T23:07:59.000Z
test_user,U1-L7-Q01,"D",2025-10-04T23:08:48.000Z
Papaya_Cat,U1-L9-Q01,"B",2025-10-04T23:22:17.000Z
Papaya_Cat,U1-L9-Q02,"B",2025-10-04T23:32:49.000Z
test_user,U1-L9-Q01,"B",2025-10-04T23:36:10.000Z
Apple_Monkey,U1-L8-Q01,"D",2025-10-06T19:07:08.000Z
Apple_Monkey,U1-L8-Q02,"C",2025-10-06T19:08:21.000Z
Apple_Monkey,U1-L8-Q03,"C",2025-10-06T19:08:45.000Z
Apple_Monkey,U1-L10-Q01,"D",2025-10-06T19:36:09.000Z
Apple_Monkey,U1-L10-Q05,"B",2025-10-06T19:53:45.000Z
Apple_Monkey,U1-L10-Q02,"A",2025-10-06T19:51:40.000Z
Apple_Monkey,U1-L10-Q03,"A",2025-10-06T19:52:18.000Z
Apple_Monkey,U1-L10-Q07,"C",2025-10-06T19:54:19.000Z
Apple_Monkey,U1-L10-Q08,"A",2025-10-06T20:03:23.000Z
test_verification,test_q1,"D",2025-09-30T12:33:20.000Z
Tayberry_Pelican,U1-L3-Q01,"A",2025-10-06T22:29:58.000Z
Tayberry_Pelican,U1-L3-Q02,"B",2025-10-06T22:30:09.000Z
Tayberry_Pelican,U1-L3-Q03,"C",2025-10-06T22:30:18.000Z
Apricot_Horse,U1-L9-Q01,"B",2025-10-07T09:59:47.000Z
Apricot_Horse,U1-L9-Q02,"A",2025-10-07T10:02:14.000Z
Apricot_Horse,U1-L9-Q03,"C",2025-10-07T10:02:48.000Z
Papaya_Eagle,U1-L10-Q01,"B",2025-10-07T10:19:30.000Z
Papaya_Eagle,U1-L10-Q02,"A",2025-10-07T10:19:57.000Z
Guava_Cat,U1-L10-Q01,"D",2025-10-07T10:20:18.000Z
mango_panda,U1-L10-Q01,"D",2025-10-07T10:20:20.000Z
Apricot_Horse,U1-L10-Q01,"C",2025-10-07T10:20:27.000Z
Papaya_Eagle,U1-L10-Q03,"A",2025-10-07T10:20:28.000Z
Papaya_Eagle,U1-L10-Q08,"A",2025-10-07T10:20:57.000Z
mango_panda,U1-L10-Q02,"B",2025-10-07T10:21:18.000Z
Guava_Cat,U1-L10-Q02,"B",2025-10-07T10:21:19.000Z
Papaya_Eagle,U1-L10-Q07,"C",2025-10-07T10:21:23.000Z
Apricot_Horse,U1-L10-Q02,"D",2025-10-07T10:21:35.000Z
Papaya_Eagle,U1-L10-Q05,"B",2025-10-07T10:22:04.000Z
Apricot_Horse,U1-L10-Q03,"E",2025-10-07T10:22:05.000Z
Guava_Cat,U1-L10-Q03,"A",2025-10-07T10:22:32.000Z
Lemon_Goat,U1-L10-Q02,"A",2025-10-07T10:23:00.000Z
mango_panda,U1-L10-Q03,"D",2025-10-07T10:23:08.000Z
Lemon_Goat,U1-L10-Q03,"A",2025-10-07T10:23:18.000Z
Kiwi_Monkey,U9-L3-MCQ-Q02,"B",2025-10-07T10:23:29.000Z
Kiwi_Monkey,U9-L3-FRQ-Q01,"they move faster away from home",2025-10-07T10:23:31.000Z
Apple_Monkey,U1-PC-MCQ-A-Q01,"B",2025-10-07T10:24:23.000Z
Kiwi_Monkey,U9-L3-MCQ-Q03,"C",2025-10-07T10:23:40.000Z
Kiwi_Monkey,U9-L3-MCQ-Q04,"C",2025-10-07T10:23:51.000Z
Apple_Rabbit,U1-L10-Q01,"D",2025-10-07T10:25:08.000Z
Kiwi_Monkey,U9-L3-MCQ-Q05,"B",2025-10-07T10:23:54.000Z
Kiwi_Monkey,U9-L3-MCQ-Q06,"D",2025-10-07T10:23:57.000Z
Kiwi_Monkey,U9-L3-MCQ-Q07,"C",2025-10-07T10:24:08.000Z
Kiwi_Monkey,U9-L3-MCQ-Q08,"D",2025-10-07T10:24:12.000Z
Kiwi_Monkey,U9-L3-MCQ-Q09,"B",2025-10-07T10:24:15.000Z
Kiwi_Monkey,U9-L3-MCQ-Q10,"B",2025-10-07T10:24:17.000Z
teacher_man,U1-L10-Q01,"D",2025-10-07T10:24:19.000Z
mango_panda,U1-L10-Q04,"The shape would be a bell curve. 91.",2025-10-07T10:24:57.000Z
Apple_Monkey,U1-PC-MCQ-A-Q02,"E",2025-10-07T10:25:27.000Z
mango_panda,U1-L10-Q05,"B",2025-10-07T10:26:11.000Z
Apricot_Horse,U1-L10-Q05,"B",2025-10-07T10:26:22.000Z
Apple_Monkey,U1-PC-MCQ-A-Q03,"D",2025-10-07T10:26:27.000Z
Guava_Cat,U1-L10-Q05,"C",2025-10-07T10:26:30.000Z
Apricot_Fox,U1-L10-Q01,"D",2025-10-07T10:26:32.000Z
Kiwi_Monkey,U1-L8-Q01,"C",2025-10-07T10:26:46.000Z
Kiwi_Monkey,U1-L8-Q02,"D",2025-10-07T10:27:22.000Z
Kiwi_Monkey,U1-L8-Q03,"D",2025-10-07T10:27:37.000Z
Guava_Cat,U1-L10-Q07,"A",2025-10-07T10:27:44.000Z
Apple_Monkey,U1-PC-MCQ-A-Q04,"E",2025-10-07T10:28:54.000Z
teacher_man,U1-L10-Q02,"A",2025-10-07T10:28:08.000Z
Apricot_Horse,U1-L10-Q07,"B",2025-10-07T10:28:08.000Z
Apricot_Horse,U1-L10-Q08,"B",2025-10-07T10:28:35.000Z
Apple_Monkey,U1-PC-MCQ-A-Q05,"B",2025-10-07T10:31:04.000Z
mango_panda,U1-L10-Q07,"C",2025-10-07T10:29:38.000Z
Kiwi_Monkey,U1-L9-Q01,"C",2025-10-07T10:29:42.000Z
Kiwi_Monkey,U1-L9-Q02,"C",2025-10-07T10:30:15.000Z
Kiwi_Monkey,U1-L9-Q03,"C",2025-10-07T10:30:26.000Z
mango_panda,U1-L10-Q08,"E",2025-10-07T10:30:37.000Z
teacher_man,U1-L10-Q03,"A",2025-10-07T10:30:54.000Z
Guava_Cat,U1-L10-Q08,"A",2025-10-07T10:30:55.000Z
Kiwi_Monkey,U1-L10-Q01,"B",2025-10-07T10:31:09.000Z
Kiwi_Monkey,U1-L10-Q02,"B",2025-10-07T10:31:20.000Z
Kiwi_Monkey,U1-L10-Q03,"C",2025-10-07T10:31:27.000Z
Kiwi_Monkey,U1-L10-Q04,"skew to the right",2025-10-07T10:31:40.000Z
Kiwi_Monkey,U1-L10-Q05,"B",2025-10-07T10:31:52.000Z
Kiwi_Monkey,U1-L10-Q06,"+1.62",2025-10-07T10:32:23.000Z
Apple_Monkey,U1-PC-MCQ-A-Q06,"D",2025-10-07T10:32:26.000Z
Kiwi_Monkey,U1-L10-Q07,"B",2025-10-07T10:32:34.000Z
Kiwi_Monkey,U1-L10-Q08,"D",2025-10-07T10:32:41.000Z
Papaya_Eagle,U1-L10-Q04,"""The histogram shows that most orders were between $10 and $20",1969-12-31T19:00:00.000Z
Apple_Rabbit,U1-L10-Q02,"A",2025-10-07T10:54:34.000Z
Lemon_Goat,U1-L10-Q04,"""The distribution is a bell shape. ",1969-12-31T19:00:00.000Z
1759848100375,2025-10-07 14:41:40.705193+00,"2025-10-07 14:41:40.705193+00",1969-12-31T19:00:00.000Z
Apricot_Horse,U1-L10-Q04,"""A-i) done on paper ",1969-12-31T19:00:00.000Z
,,"",1969-12-31T19:00:00.000Z
,,"",1969-12-31T19:00:00.000Z
1759848120265,2025-10-07 14:42:00.639839+00,"2025-10-08 01:21:07.535738+00",1969-12-31T19:00:00.000Z
teacher_man,U1-L10-Q04,"""a i . histogram is unimodal",1969-12-31T19:00:00.000Z
,,"",1969-12-31T19:00:00.000Z
 the median will be a center value within the 91 datapoints.. so.. 90/2 = 45.. the next value up from 45th from lowest should be the median.,,"",1969-12-31T19:00:00.000Z
,,"",1969-12-31T19:00:00.000Z
,,"",1969-12-31T19:00:00.000Z
,,"",1969-12-31T19:00:00.000Z
1759848274133,2025-10-07 14:44:34.041418+00,"2025-10-08 01:21:10.435214+00",1969-12-31T19:00:00.000Z
Lemon_Goat,U1-L10-Q05,"B",2025-10-07T10:48:46.000Z
teacher_man,U1-L10-Q05,"B",2025-10-07T10:51:12.000Z
mango_panda,U1-L10-Q06,"""A) 289-142/29=1.6 z score is 94%.",1969-12-31T19:00:00.000Z
,,"",1969-12-31T19:00:00.000Z
,,"",1969-12-31T19:00:00.000Z
1759848757121,2025-10-07 14:52:37.515386+00,"2025-10-07 14:52:37.515386+00",1969-12-31T19:00:00.000Z
Apricot_Fox,U1-L10-Q02,"A",2025-10-07T10:53:31.000Z
Apricot_Fox,U1-L10-Q03,"D",2025-10-07T10:56:33.000Z
Apricot_Fox,U1-L10-Q04,"""The distribution of the Food Truck Order Amounts",1969-12-31T19:00:00.000Z
Apricot_Fox,U1-L10-Q05,"B",2025-10-07T22:25:55.000Z
Apricot_Fox,U1-L10-Q07,"C",2025-10-07T22:29:13.000Z
Apricot_Fox,U1-L10-Q08,"A",2025-10-07T22:32:13.000Z
Apricot_Fox,U1-L10-Q06,"""The standardized score for Clay’s marathon finishing time of 289 minutes is about 1.62. This means that Clay’s time is 1.62 standard deviations above the mean finishing time for men. The proportion of women who ran the marathon with a finishing time less than Kathy’s 272 minutes is approximately 65.77%. The greater standard deviation for women’s finishing times 32 minutes compared to men’s 29 minutes",1969-12-31T19:00:00.000Z
Apricot_Horse,U1-L10-Q06,"""a) (289-242)/29 = 1.62 ",1969-12-31T19:00:00.000Z
,,"",1969-12-31T19:00:00.000Z
1760018172683,2025-10-09 13:56:14.00148+00,"2025-10-09 13:56:14.00148+00",1969-12-31T19:00:00.000Z
Lemon_Goat,U1-L10-Q07,"C",2025-10-09T10:24:48.000Z
Apple_Rabbit,U1-L10-Q03,"A",2025-10-09T10:26:24.000Z
Lemon_Goat,U1-L10-Q08,"A",2025-10-09T10:26:44.000Z
Kiwi_Monkey,U1-L2-Q01,"B",2025-10-09T10:27:34.000Z
Kiwi_Monkey,U1-L2-Q02,"E",2025-10-09T10:27:41.000Z
Kiwi_Monkey,U1-L2-Q03,"B",2025-10-09T10:27:46.000Z
Kiwi_Monkey,U1-L3-Q01,"A",2025-10-09T10:28:17.000Z
Kiwi_Monkey,U1-L3-Q02,"C",2025-10-09T10:28:59.000Z
Kiwi_Monkey,U1-L3-Q03,"C",2025-10-09T10:29:11.000Z
Lemon_Goat,U1-L10-Q01,"D",2025-10-09T10:30:41.000Z
Apple_Rabbit,U1-L10-Q04,"this is on paper",2025-10-09T10:46:02.000Z
Tayberry_Pelican,U1-L9-Q01,"B",2025-10-07T16:11:41.000Z
Tayberry_Pelican,U1-L4-Q02,"C",2025-10-07T20:54:39.000Z
Tayberry_Pelican,U1-L10-Q01,"D",2025-10-09T10:50:47.000Z
Apple_Rabbit,U1-L10-Q05,"B",2025-10-09T10:51:14.000Z
